"","initial_values","roots","runs_of_improvements"
"1",-100,-1.66003481328835,616
"2",-34,-1.66003481326732,26
"3",-7,-1.66003483044215,26
"4",-1,-1.66003521285284,5
"5",1,-1.66003521285284,5
"6",2,1.66003481326702,5
"7",5,-1.66003482226155,13
"8",50,-1.66003485212709,28
